prize,country,year,session,author,author_country,book_title,publisher,notes
Naoki,Japan,1935,H1,Matsutarō Kawaguchi,Japan,"Tsuruhachi Tsurujirō (鶴八鶴次郎), Fūryū Fukagawa Uta (風流深川唄; lit. Song of the Refined Fuka River), Meiji Ichidai Onna (明治一代女; lit. Meiji Era Woman)",,
Naoki,Japan,1935,H2,Uko Washio,Japan,"Yoshinochō Taiheiki (吉野朝太平記; lit. Chronicles of the Yoshino Era of Peace), etc.",,
Naoki,Japan,1936,H1,Chōgorō Kaionji,Japan,"Tenshō Onna Gassen (天正女合戦; lit. Tenshō Women's Battle), Budō Denraiki (武道傳來記, lit. Martial Arts Chronicles)",,
Naoki,Japan,1936,H2,Takatarō Kigi,Japan,Jinsei no Ahō (人生の阿呆; lit. A Fool's Life),,
Naoki,Japan,1937,H1,,Japan,,,No prize awarded
Naoki,Japan,1937,H2,Masuji Ibuse,Japan,"John Manjirō Hyōryūki (ジョン萬次郎漂流記; lit. The Drifting Chronicles of John Manjirō), etc.",,
Naoki,Japan,1938,H1,Sotoo Tachibana,Japan,Narin-denka e no Kaisō (ナリン殿下への回想; lit. Recollections of His Highness Narin),,
Naoki,Japan,1938,H2,Tadao Ooike,Japan,"Kabuto (兜首; lit. Helmet), Akitaguchi no Kyōdai (秋田口の兄弟; lit. The Akitaguchi Siblings)",,
Naoki,Japan,1939,H1,,Japan,,,No prize awarded
Naoki,Japan,1939,H2,,Japan,,,No prize awarded
Naoki,Japan,1940,H1,Chiyo Tsutsumi,Japan,"Koyubi (小指; lit. Pinky Finger), etc. Gunji Yuubin (軍事郵便; lit. Military Postal Service)",,Co-laureate
Naoki,Japan,1940,H1,Sensuke Kawachi,Japan,"Koyubi (小指; lit. Pinky Finger), etc. Gunji Yuubin (軍事郵便; lit. Military Postal Service)",,Co-laureate
Naoki,Japan,1940,H2,Genzō Murakami,Japan,"Kazusa Fudoki (上総風土記), etc.",,
Naoki,Japan,1941,H1,Sōjū Kimura,Japan,Unnan Shubihei (雲南守備兵; lit. Guards of the Southern Clouds),,
Naoki,Japan,1941,H2,,Japan,,,No prize awarded
Naoki,Japan,1942,H1,,Japan,,,No prize awarded
Naoki,Japan,1942,H2,Norio Taoka,Japan,"Gōjō Ichigo (強情いちご; lit. Stubborn Ichigo), etc. Kanyō (寛容; lit. Generosity), etc.",,Co-laureate
Naoki,Japan,1942,H2,Takio Kanzaki,Japan,"Gōjō Ichigo (強情いちご; lit. Stubborn Ichigo), etc. Kanyō (寛容; lit. Generosity), etc.",,Co-laureate
Naoki,Japan,1943,H1,,Japan,,,No prize awarded
Naoki,Japan,1943,H2,Sōichi Mori,Japan,"Yamahata (山畠), Ga to Sasabune (蛾と笹舟; lit. The Moth and the Toy Boat)",,
Naoki,Japan,1944,H1,Seizō Okada,Japan,Nyū Giniya Sangakusen (ニューギニヤ山岳戦; lit. New Guinea Mountain War),,
Naoki,Japan,1944,H2,,Japan,,,No prize awarded
Naoki,Japan,1949,H1,Tsuneo Tomita,Japan,"Omote (面; lit. Face), Irezumi (刺青; lit. Tattoo)",,
Naoki,Japan,1949,H2,Katsurō Yamada,Japan,Umi no Haien (海の廃園; lit. Abandoned Garden of the Sea),,
Naoki,Japan,1950,H1,Hidemi Kon,Japan,Tennō no Bōshi (天皇の帽子; lit. The Emperor's Hat) Shikkō Yūyo (執行猶予; lit. Stay of Execution),,Co-laureate
Naoki,Japan,1950,H1,Itoko Koyama,Japan,Tennō no Bōshi (天皇の帽子; lit. The Emperor's Hat) Shikkō Yūyo (執行猶予; lit. Stay of Execution),,Co-laureate
Naoki,Japan,1950,H2,Kazuo Dan,Japan,Chōgonka (長恨歌; lit. Chōgon Song) Shinsetsu Ishikawa Goemon (真説石川五右衛門; lit. True Theory Ishikawa Goemon),,
Naoki,Japan,1951,H1,Keita Genji,Japan,"Eigoya-san (英語屋さん; lit. Mr. English Shop), Taifū-san (颱風さん; lit. Mr. Typhoon), Gokurōsan (御苦労さん; lit. I Appreciate Your Hard Work)",,
Naoki,Japan,1951,H2,Juran Hisao,Japan,Suzuki Mondo (鈴木主水) Iesu no Ei (イエスの裔; lit. Descendant of Jesus),,Co-laureate
Naoki,Japan,1951,H2,Renzaburō Shibata,Japan,Suzuki Mondo (鈴木主水) Iesu no Ei (イエスの裔; lit. Descendant of Jesus),,Co-laureate
Naoki,Japan,1952,H1,Shinji Fujiwara,Japan,"Tsumina Onna (罪な女; lit. Sinful Woman), etc.",,
Naoki,Japan,1952,H2,Nobuyuki Tateno,Japan,Hanran (叛乱; lit. Insurrection),,
Naoki,Japan,1953,H1,,Japan,,,No prize awarded
Naoki,Japan,1953,H2,,Japan,,,No prize awarded
Naoki,Japan,1954,H1,Yorichika Arima,Japan,Shūshin Miketsushū (終身未決囚; lit. Unconvicted Prisoner For Life),,
Naoki,Japan,1954,H2,Haruo Umezaki,Japan,Boroya no Shunjū (ボロ家の春秋; lit. Spring and Autumn of the Scrap Merchant) Takayasu Inu Monogatari (高安犬物語; lit. Takayasu Dog Story),,Co-laureate
Naoki,Japan,1954,H2,Yukio Togawa,Japan,Boroya no Shunjū (ボロ家の春秋; lit. Spring and Autumn of the Scrap Merchant) Takayasu Inu Monogatari (高安犬物語; lit. Takayasu Dog Story),,Co-laureate
Naoki,Japan,1955,H1,,Japan,,,No prize awarded
Naoki,Japan,1955,H2,Jirō Nitta,Japan,Gōrikiden (強力伝; lit. The Life of A Mountain Carrier) Honkon (香港; lit. Hong Kong),,Co-laureate
Naoki,Japan,1955,H2,Eikan Kyū,Japan,Gōrikiden (強力伝; lit. The Life of A Mountain Carrier) Honkon (香港; lit. Hong Kong),,Co-laureate
Naoki,Japan,1956,H1,Norio Nanjō,Japan,Tōdaiki (燈台鬼; lit. Lighthouse Demon) Kabe no Hana (壁の花; lit. Wallflower),,Co-laureate
Naoki,Japan,1956,H1,Kanichi Kon,Japan,Tōdaiki (燈台鬼; lit. Lighthouse Demon) Kabe no Hana (壁の花; lit. Wallflower),,Co-laureate
Naoki,Japan,1956,H2,Tōkō Kon,Japan,Ogin-sama (お吟さま) Kachigarasu (勝烏; lit. Victory Crows),,Co-laureate
Naoki,Japan,1956,H2,Miharu Hozumi,Japan,Ogin-sama (お吟さま) Kachigarasu (勝烏; lit. Victory Crows),,Co-laureate
Naoki,Japan,1957,H1,Masanori Esaki,Japan,Ruson no Tanima (ルソンの谷間; lit. Valley of the Luzon),,
Naoki,Japan,1957,H2,,Japan,,,No prize awarded
Naoki,Japan,1958,H1,Toyoko Yamasaki,Japan,Hana Noren (花のれん; lit. Flower Shop Sign) Akai Yuki (赤い雪; lit. Red Snow),,Co-laureate
Naoki,Japan,1958,H1,Eiji Shinba,Japan,Hana Noren (花のれん; lit. Flower Shop Sign) Akai Yuki (赤い雪; lit. Red Snow),,Co-laureate
Naoki,Japan,1958,H2,Saburō Shiroyama,Japan,Sōkaiya Kinjō (総会屋錦城; lit. Extortionist Kinjō) Ochiru (落ちる; lit. Fall Down),,Co-laureate
Naoki,Japan,1958,H2,Kyō Takigawa,Japan,Sōkaiya Kinjō (総会屋錦城; lit. Extortionist Kinjō) Ochiru (落ちる; lit. Fall Down),,Co-laureate
Naoki,Japan,1959,H1,Kieko Watanabe,Japan,Mabechigawa (馬淵川) Taganeshi (鏨師; lit. Master Engraver),,Co-laureate
Naoki,Japan,1959,H1,Yumie Hiraiwa,Japan,Mabechigawa (馬淵川) Taganeshi (鏨師; lit. Master Engraver),,Co-laureate
Naoki,Japan,1959,H2,Ryōtarō Shiba,Japan,Fukurō no Shiro (梟の城; Owls' Castle) Danjūrō Seppuku Jiken (團十郎切腹事件; lit. The Danjūrō Seppuku Incident),,Co-laureate
Naoki,Japan,1959,H2,Yasuji Toita,Japan,Fukurō no Shiro (梟の城; Owls' Castle) Danjūrō Seppuku Jiken (團十郎切腹事件; lit. The Danjūrō Seppuku Incident),,Co-laureate
Naoki,Japan,1960,H1,Shōtarō Ikenami,Japan,Sakuran (錯乱; lit. Confusion),,
Naoki,Japan,1960,H2,Daikichi Terauchi,Japan,Hagure Nenbutsu (はぐれ念仏; lit. Stray Prayer) Haitoku no Mesu (背徳のメス; lit. Invitation to Corruption),,Co-laureate
Naoki,Japan,1960,H2,Jūgo Kuroiwa,Japan,Hagure Nenbutsu (はぐれ念仏; lit. Stray Prayer) Haitoku no Mesu (背徳のメス; lit. Invitation to Corruption),,Co-laureate
Naoki,Japan,1961,H1,Tsutomu Minakami,Japan,"The Temple of the Wild Geese (雁の寺, Gan no tera)",,
Naoki,Japan,1961,H2,Keiichi Itō,Japan,Hotaru no Kawa (螢の河; lit. River of Fireflies),,
Naoki,Japan,1962,H1,Hisahide Sugimori,Japan,Tensai to Kyōjin no Aida (天才と狂人の間; lit. Between a Genius and a Madman),,
Naoki,Japan,1962,H2,Hitomi Yamaguchi,Japan,Eburiman-shi no Yūgana Seikatsu (江分利満氏の優雅な生活; lit. The Elegant Lives of the Everyman Family) Koshū no Kishi (孤愁の岸; lit. Lonely Contemplation on the Shore),,Co-laureate
Naoki,Japan,1962,H2,Sonoko Sugimoto,Japan,Eburiman-shi no Yūgana Seikatsu (江分利満氏の優雅な生活; lit. The Elegant Lives of the Everyman Family) Koshū no Kishi (孤愁の岸; lit. Lonely Contemplation on the Shore),,Co-laureate
Naoki,Japan,1963,H1,Tokuji Satō,Japan,Onna no Ikusa (女のいくさ; lit. The Women's War),,
Naoki,Japan,1963,H2,Tsuruo Andō,Japan,Kōdan Honmokutei (巷談本牧亭; lit. Talking about Honmokutei) Chiri no Naka (塵の中; lit. In the Dust),,Co-laureate
Naoki,Japan,1963,H2,Yoshie Wada,Japan,Kōdan Honmokutei (巷談本牧亭; lit. Talking about Honmokutei) Chiri no Naka (塵の中; lit. In the Dust),,Co-laureate
Naoki,Japan,1964,H1,,Japan,,,No prize awarded
Naoki,Japan,1964,H2,Michiko Nagai,Japan,Enkan (炎環; lit. Ring of Fire) Chanshaoshu no Hanashi (張少子の話; lit. The Story of Zhang Shaozi),,Co-laureate
Naoki,Japan,1964,H2,Atsuko Anzai,Japan,Enkan (炎環; lit. Ring of Fire) Chanshaoshu no Hanashi (張少子の話; lit. The Story of Zhang Shaozi),,Co-laureate
Naoki,Japan,1965,H1,Shigeo Fujii,Japan,Niji (虹; lit. Rainbow),,
Naoki,Japan,1965,H2,Yūkichi Shinbashi,Japan,Yaochō (八百長; lit. Rigged Game) Toriko Shū-ki (虜愁記; lit. Sad Tale of a Prisoner),,Co-laureate
Naoki,Japan,1965,H2,Jihei Chiba,Japan,Yaochō (八百長; lit. Rigged Game) Toriko Shū-ki (虜愁記; lit. Sad Tale of a Prisoner),,Co-laureate
Naoki,Japan,1966,H1,Masaaki Tachihara,Japan,Shiroi Keshi (白い罌粟; lit. White Poppy),,
Naoki,Japan,1966,H2,Hiroyuki Itsuki,Japan,Aozameta Uma wo Miyo (蒼ざめた馬を見よ; lit. See the Pale Horse),,
Naoki,Japan,1967,H1,Jirō Ikushima,Japan,Oitsumeru (追いつめる; lit. Cornered),,
Naoki,Japan,1967,H2,Akiyuki NosakaTooru Miyoshi,Japan,"American Hijiki (アメリカひじき, Amerika Hijiki), Grave of the Fireflies (火垂るの墓, Hotaru no Haka) Hijiri Shōjo (聖少女; lit. Holy Girl)",,
Naoki,Japan,1968,H1,,Japan,,,No prize awarded
Naoki,Japan,1968,H2,Shunshin Chin,Japan,Seigyoku Shishi Kōro (青玉獅子香炉; lit. Sapphire Shishi Incense Burner) Kyōjin no Ori (僑人の檻),,Co-laureate
Naoki,Japan,1968,H2,Mitsugu Saotome,Japan,Seigyoku Shishi Kōro (青玉獅子香炉; lit. Sapphire Shishi Incense Burner) Kyōjin no Ori (僑人の檻),,Co-laureate
Naoki,Japan,1969,H1,Aiko Satō,Japan,Tatakai Sunde Hi ga Kurete (戦いすんで日が暮れて; lit. The Day of Battle's End Draws to a Close),,
Naoki,Japan,1969,H2,,Japan,,,No prize awarded
Naoki,Japan,1970,H1,Junichi WatanabeYūki Shōji,Japan,Hikari to Kage (光と影; lit. Light and Shadow) Gunki Hatameku Shita ni (軍旗はためく下に; lit. Beneath the Fluttering Battle Flag),,
Naoki,Japan,1970,H2,Jō Toyoda,Japan,Nagaragawa (長良川; lit. Nagara River),,
Naoki,Japan,1971,H1,,Japan,,,No prize awarded
Naoki,Japan,1971,H2,,Japan,,,No prize awarded
Naoki,Japan,1972,H1,Hisashi Inoue,Japan,Tegusari Shinjū (手鎖心中; lit. Shackled Double Suicide) Zan (斬; lit. Beheading),,Co-laureate
Naoki,Japan,1972,H1,Kenjō Tsunabuchi,Japan,Tegusari Shinjū (手鎖心中; lit. Shackled Double Suicide) Zan (斬; lit. Beheading),,Co-laureate
Naoki,Japan,1972,H2,,Japan,,,No prize awarded
Naoki,Japan,1973,H1,Shuhei FujisawaHideo Osabe,Japan,"Ansatsu no Nenrin (暗殺の年輪; lit. Annals of Assassination) Tsugaru Yosare Bushi (津軽世去れ節), Tsugaru Jonkara Bushi (津軽じょんから節)",,
Naoki,Japan,1973,H2,,Japan,,,No prize awarded
Naoki,Japan,1974,H1,Giichi Fujimoto,Japan,Oni no Uta (鬼の詩; lit. Song of Demons),,
Naoki,Japan,1974,H2,Ryō Hanmura,Japan,Ame Yadori (雨やどり; lit. Shelter From the Rain) Atorasu Densetsu (アトラス伝説; lit. The Legend of Atlas),,Co-laureate
Naoki,Japan,1974,H2,Magoroku Ide,Japan,Ame Yadori (雨やどり; lit. Shelter From the Rain) Atorasu Densetsu (アトラス伝説; lit. The Legend of Atlas),,Co-laureate
Naoki,Japan,1975,H1,,Japan,,,No prize awarded
Naoki,Japan,1975,H2,Ryuzo Saki,Japan,Fukushū suru wa Ware ni ari (復讐するは我にあり; lit. Vengeance is Mine),,
Naoki,Japan,1976,H1,,Japan,,,No prize awarded
Naoki,Japan,1976,H2,Kyōzō Miyoshi,Japan,Kosodate Gokko (子育てごっこ; lit. Playing at Raising Children),,
Naoki,Japan,1977,H1,,Japan,,,No prize awarded
Naoki,Japan,1977,H2,,Japan,,,No prize awarded
Naoki,Japan,1978,H1,Yō Tsumoto,Japan,Jinjū no Umi (深重の海; lit. Jinjū's Sea) Rikon (離婚; lit. Divorce),,Co-laureate
Naoki,Japan,1978,H1,Takehiro Irokawa,Japan,Jinjū no Umi (深重の海; lit. Jinjū's Sea) Rikon (離婚; lit. Divorce),,Co-laureate
Naoki,Japan,1978,H2,Tomiko Miyao,Japan,Ichigen no Koto (一絃の琴; lit. One-Stringed Harp) Dai Naniwa Morobito Ourai (大浪花諸人往来; lit. The Comings and Goings of the Many People of Great Naniwa),,Co-laureate
Naoki,Japan,1978,H2,Natsuo Ariake,Japan,Ichigen no Koto (一絃の琴; lit. One-Stringed Harp) Dai Naniwa Morobito Ourai (大浪花諸人往来; lit. The Comings and Goings of the Many People of Great Naniwa),,Co-laureate
Naoki,Japan,1979,H1,Takashi AtōdaKomimasa Tanaka,Japan,"Napoleon Crazy (ナポレオン狂, Naporeon Kyō) Rōkyoku-shi Asahimaru no Hanashi (浪曲師朝日丸の話; lit. The Tales of Master Storyteller Asahimaru), Mimi no Koto (ミミのこと; lit. Matters of the Ear)",,
Naoki,Japan,1979,H2,,Japan,,,No prize awarded
Naoki,Japan,1980,H1,Kuniko Mukōda,Japan,"Hana no Namae (花の名前; lit. Name of the Flower), Kawauso (かわうそ; lit. Otter), Inugoya (犬小屋; lit. Dog House) Kiiroi Kiba (黄色い牙; lit. Yellow Fang)",,Co-laureate
Naoki,Japan,1980,H1,Kageki Shimoda,Japan,"Hana no Namae (花の名前; lit. Name of the Flower), Kawauso (かわうそ; lit. Otter), Inugoya (犬小屋; lit. Dog House) Kiiroi Kiba (黄色い牙; lit. Yellow Fang)",,Co-laureate
Naoki,Japan,1980,H2,Masanori Nakamura,Japan,Genshu no Muhon (元首の謀叛; lit. Sovereign's Rebellion),,
Naoki,Japan,1981,H1,Yukio Aoshima,Japan,Ningen Banji Saiō ga Hinoeuma (人間万事塞翁が丙午; lit. Everything Happens Unpredictably in the Year of the Horse),,
Naoki,Japan,1981,H2,Kôhei Tsuka,Japan,Kamata Kōshinkyoku (蒲田行進曲; lit. Kamata March) Kirai (機雷; lit. Sea Mine),,Co-laureate
Naoki,Japan,1981,H2,Akira Mitsuoka,Japan,Kamata Kōshinkyoku (蒲田行進曲; lit. Kamata March) Kirai (機雷; lit. Sea Mine),,Co-laureate
Naoki,Japan,1982,H1,Yūsuke Fukada,Japan,En'netsu Shōnin (炎熱商人; lit. Unbearable Heat Merchant) Jidai-ya no Nyōbō (時代屋の女房; lit. Wife of the Shop Era),,Co-laureate
Naoki,Japan,1982,H1,Tomomi Muramatsu,Japan,En'netsu Shōnin (炎熱商人; lit. Unbearable Heat Merchant) Jidai-ya no Nyōbō (時代屋の女房; lit. Wife of the Shop Era),,Co-laureate
Naoki,Japan,1982,H2,,Japan,,,No prize awarded
Naoki,Japan,1983,H1,Kōshi Kurumizawa,Japan,Kuropan Furyo-ki (黒パン俘虜記; lit. Chronicle of the Brown Bread Prisoners),,
Naoki,Japan,1983,H2,Takurō Kanki,Japan,Shiseikatsu (私生活; lit. Private Life) Hiden (秘伝; lit. Mystery),,Co-laureate
Naoki,Japan,1983,H2,Osamu Takahashi,Japan,Shiseikatsu (私生活; lit. Private Life) Hiden (秘伝; lit. Mystery),,Co-laureate
Naoki,Japan,1984,H1,Mikihiko Renjō,Japan,Koibumi (恋文; lit. Love Letter) Tennojimura (てんのじ村; lit. Tennoji Village),,Co-laureate
Naoki,Japan,1984,H1,Toshizō Nanba,Japan,Koibumi (恋文; lit. Love Letter) Tennojimura (てんのじ村; lit. Tennoji Village),,Co-laureate
Naoki,Japan,1984,H2,,Japan,,,No prize awarded
Naoki,Japan,1985,H1,Yōko Yamaguchi,Japan,"Enka no Mushi (演歌の虫; lit. Enka Insects), Rōbai (老梅; lit. Old Plum)",,
Naoki,Japan,1985,H2,Seigo Morita,Japan,"Uogashi Monogatari (魚河岸ものがたり; lit. Fish Market Story) Saishuu-bin ni Maniaeba (最終便に間に合えば; lit. If I'm in Time for the Last Trip), Kyoto Made (京都まで; lit. Until Kyōto)",,Co-laureate
Naoki,Japan,1985,H2,Mariko Hayashi,Japan,"Uogashi Monogatari (魚河岸ものがたり; lit. Fish Market Story) Saishuu-bin ni Maniaeba (最終便に間に合えば; lit. If I'm in Time for the Last Trip), Kyoto Made (京都まで; lit. Until Kyōto)",,Co-laureate
Naoki,Japan,1986,H1,Hiroko Minagawa,Japan,Koi Kurenai (恋紅; lit. Crimson Love),,
Naoki,Japan,1986,H2,Gō Ōsaka,Japan,"The Red Star of Cadiz (カディスの赤い星, Kadisu no Akai Hoshi) Tooi Amerika (遠いアメリカ; lit. Far Off America)",,Co-laureate
Naoki,Japan,1986,H2,Shinpei Tokiwa,Japan,"The Red Star of Cadiz (カディスの赤い星, Kadisu no Akai Hoshi) Tooi Amerika (遠いアメリカ; lit. Far Off America)",,Co-laureate
Naoki,Japan,1987,H1,Amy Yamada,Japan,Sōru Myūjikku Rabāzu Onrī (ソウル・ミュージック・ラバーズ・オンリー; lit. Soul Music Lovers Only) Kairōden (海狼伝; lit. Legend of the Sea Wolf),,Co-laureate
Naoki,Japan,1987,H1,Ichirō Shiraishi,Japan,Sōru Myūjikku Rabāzu Onrī (ソウル・ミュージック・ラバーズ・オンリー; lit. Soul Music Lovers Only) Kairōden (海狼伝; lit. Legend of the Sea Wolf),,Co-laureate
Naoki,Japan,1987,H2,Makio Abe,Japan,Sorezore no Tsuigakushō (それぞれの終楽章; lit. The End of Each Musical Movement),,
Naoki,Japan,1988,H1,Tamio Kageyama,Japan,"Tōi Umi kara Kita Coo (遠い海から来たCOO; lit. From a Distant Ocean Came Coo) Kooreru Hitomi (凍れる瞳; lit. An Eye Freezing Over), Hashima no Onna (端島の女; lit. The Hashima Woman)",,Co-laureate
Naoki,Japan,1988,H1,Masaaki Nishiki,Japan,"Tōi Umi kara Kita Coo (遠い海から来たCOO; lit. From a Distant Ocean Came Coo) Kooreru Hitomi (凍れる瞳; lit. An Eye Freezing Over), Hashima no Onna (端島の女; lit. The Hashima Woman)",,Co-laureate
Naoki,Japan,1988,H2,Akiko Sugimoto,Japan,Tōkyō Shin Ōhashi Uchūzu (東京新大橋雨中図; lit. Tokyo New Big Bridge Path Plan) Urete Yuku Natsu (熟れてゆく夏; lit. Ripening Summer),,Co-laureate
Naoki,Japan,1988,H2,Shizuko Tōdō,Japan,Tōkyō Shin Ōhashi Uchūzu (東京新大橋雨中図; lit. Tokyo New Big Bridge Path Plan) Urete Yuku Natsu (熟れてゆく夏; lit. Ripening Summer),,Co-laureate
Naoki,Japan,1989,H1,Nejime Shōichi,Japan,Kōenji Junjō Shōtengai (高円寺純情商店街; lit. Kōenji Purehearted Shopping District) Tooi Kuni kara no Satsujinsha (遠い国からの殺人者; lit. Murderer from a Distant Land),,Co-laureate
Naoki,Japan,1989,H1,Akira Sasakura,Japan,Kōenji Junjō Shōtengai (高円寺純情商店街; lit. Kōenji Purehearted Shopping District) Tooi Kuni kara no Satsujinsha (遠い国からの殺人者; lit. Murderer from a Distant Land),,Co-laureate
Naoki,Japan,1989,H2,Seiji Hashikawa,Japan,Kodenshō (小伝抄; lit. Precise Biographical Sketch) Watashi ga Koroshita Shōjo (私が殺した少女; lit. The Girl I Killed),,Co-laureate
Naoki,Japan,1989,H2,Ryō Hara,Japan,Kodenshō (小伝抄; lit. Precise Biographical Sketch) Watashi ga Koroshita Shōjo (私が殺した少女; lit. The Girl I Killed),,Co-laureate
Naoki,Japan,1990,H1,Tsumao Awasaka,Japan,Kage Kikyō (蔭桔梗; lit. Shadow Bellflower),,
Naoki,Japan,1990,H2,Kaoru Furukawa,Japan,Hyōhakusha no Aria (漂泊者のアリア; lit. A Vagabond's Aria),,
Naoki,Japan,1991,H1,Masamitsu Miyagitani,Japan,Kaki Shunjyū (夏姫春秋; lit. Summer Princess Spring and Autumn) Seishun Dendekedekedeke (青春デンデケデケデケ; lit. Youth Dendekedekedeke),,Co-laureate
Naoki,Japan,1991,H1,Sunao Ashihara,Japan,Kaki Shunjyū (夏姫春秋; lit. Summer Princess Spring and Autumn) Seishun Dendekedekedeke (青春デンデケデケデケ; lit. Youth Dendekedekedeke),,Co-laureate
Naoki,Japan,1991,H2,Yoshio Takahashi,Japan,Ōkami Bugyō (狼奉行; lit. Wolf Magistrate) Akai Kioku (緋い記憶; lit. Red Memory),,Co-laureate
Naoki,Japan,1991,H2,Katsuhiko Takahashi,Japan,Ōkami Bugyō (狼奉行; lit. Wolf Magistrate) Akai Kioku (緋い記憶; lit. Red Memory),,Co-laureate
Naoki,Japan,1992,H1,Shizuka Ijūin,Japan,Uke Tsuki (受け月; lit. Receiving Month),,
Naoki,Japan,1992,H2,Tatsurō Dekune,Japan,Tsukudashima Futari Shobō (佃島ふたり書房; lit. Tsukuda Island Two Bookstores),,
Naoki,Japan,1993,H1,Kaoru Takamura,Japan,"Mākusu no Yama (マークスの山; lit. Marks' Mountain) The Budding Tree (恋忘れ草, Koi Wasuregusa)",,Co-laureate
Naoki,Japan,1993,H1,Aiko Kitahara,Japan,"Mākusu no Yama (マークスの山; lit. Marks' Mountain) The Budding Tree (恋忘れ草, Koi Wasuregusa)",,Co-laureate
Naoki,Japan,1993,H2,Arimasa Osawa,Japan,Shinjuku Zame – Mugen Ningyō (新宿鮫 無間人形; lit. Shinjuku Sharks: Infinite Puppets) Ebisu-ya Kihei Tebikae (恵比寿屋喜兵衛手控え; lit. Ebisu Shop Kihei Memorandum),,Co-laureate
Naoki,Japan,1993,H2,Masayoshi Satō,Japan,Shinjuku Zame – Mugen Ningyō (新宿鮫 無間人形; lit. Shinjuku Sharks: Infinite Puppets) Ebisu-ya Kihei Tebikae (恵比寿屋喜兵衛手控え; lit. Ebisu Shop Kihei Memorandum),,Co-laureate
Naoki,Japan,1994,H1,Akihiko Nakamura,Japan,Futatsu no Sanga (二つの山河; lit. Two Mountains and Rivers) Kikyō (帰郷; lit. Homecoming),,Co-laureate
Naoki,Japan,1994,H1,Yasuhisa Ebisawa,Japan,Futatsu no Sanga (二つの山河; lit. Two Mountains and Rivers) Kikyō (帰郷; lit. Homecoming),,Co-laureate
Naoki,Japan,1994,H2,,Japan,,,No prize awarded
Naoki,Japan,1995,H1,Shun Akasegawa,Japan,Hakkyū Zan'ei (白球残映),,
Naoki,Japan,1995,H2,Mariko Koike,Japan,Koi (恋; lit. Love) Terorisuto no Parasoru (テロリストのパラソル; lit. The Terrorist's Parasol),,Co-laureate
Naoki,Japan,1995,H2,Iori Fujiwara,Japan,Koi (恋; lit. Love) Terorisuto no Parasoru (テロリストのパラソル; lit. The Terrorist's Parasol),,Co-laureate
Naoki,Japan,1996,H1,Asa Nonami,Japan,"The Hunter (凍える牙, Kogoeru Kiba)",,
Naoki,Japan,1996,H2,Masako Bandō,Japan,Yamahaha (山妣; lit. Mountain Mother),,
Naoki,Japan,1997,H1,Setsuko Shinoda,Japan,"Onnatachi no Jihaado (女たちのジハード; lit. The Women's Jihad) The Stationmaster (鉄道員, Poppoya)",,Co-laureate
Naoki,Japan,1997,H1,Jirō Asada,Japan,"Onnatachi no Jihaado (女たちのジハード; lit. The Women's Jihad) The Stationmaster (鉄道員, Poppoya)",,Co-laureate
Naoki,Japan,1997,H2,,Japan,,,No prize awarded
Naoki,Japan,1998,H1,Chōkitsu Kurumatani,Japan,"The Paradise Bird Tattoo (赤目四十八瀧心中未遂, Akame Shijūya-taki Shinjū Misui)",,
Naoki,Japan,1998,H2,Miyuki Miyabe,Japan,Riyū (理由; lit. The Reason),,
Naoki,Japan,1999,H1,Kenichi Satō,Japan,Ōhi no Rikon (王妃の離婚; lit. The Queen's Divorce) Yawaraka na Hoho (柔らかな頬; lit. Soft Cheeks),,Co-laureate
Naoki,Japan,1999,H1,Natsuo Kirino,Japan,Ōhi no Rikon (王妃の離婚; lit. The Queen's Divorce) Yawaraka na Hoho (柔らかな頬; lit. Soft Cheeks),,Co-laureate
Naoki,Japan,1999,H2,Rei Nakanishi,Japan,Nagasaki Burabura Bushi (長崎ぶらぶら節; lit. Ballad of a Nagasaki Stroll),,
Naoki,Japan,2000,H1,Yoichi Funado,Japan,"May in the Valley of the Rainbow (虹の谷の五月, Niji no Tani no Gogatsu) Go",,Co-laureate
Naoki,Japan,2000,H1,Kazuki Kaneshiro,Japan,"May in the Valley of the Rainbow (虹の谷の五月, Niji no Tani no Gogatsu) Go",,Co-laureate
Naoki,Japan,2000,H2,Kiyoshi Shigematsu,Japan,Bitamin F (ビタミンF; lit. Vitamin F) Puranaria (プラナリア; lit. Planaria),,Co-laureate
Naoki,Japan,2000,H2,Fumio Yamamoto,Japan,Bitamin F (ビタミンF; lit. Vitamin F) Puranaria (プラナリア; lit. Planaria),,Co-laureate
Naoki,Japan,2001,H1,Yoshinaga Fujita,Japan,Ai no Ryōbun (愛の領分; lit. Territory of Love),,
Naoki,Japan,2001,H2,Ichiriki Yamamoto,Japan,Akanezora (あかね空; lit. A Deep-Red Sky) Katagoshi no Koibito (肩ごしの恋人; lit. Over-the-Shoulder Lover),,Co-laureate
Naoki,Japan,2001,H2,Kei Yuikawa,Japan,Akanezora (あかね空; lit. A Deep-Red Sky) Katagoshi no Koibito (肩ごしの恋人; lit. Over-the-Shoulder Lover),,Co-laureate
Naoki,Japan,2002,H1,Yuzaburō Otokawa,Japan,Ikiru (生きる; lit. To Live),,
Naoki,Japan,2002,H2,,Japan,,,No prize awarded
Naoki,Japan,2003,H1,Ira Ishida,Japan,"4-Teen (4TEEN フォーティーン) Hoshiboshi no Fune (星々の舟, lit. Ship of Stars)",,Co-laureate
Naoki,Japan,2003,H1,Yuka Murayama,Japan,"4-Teen (4TEEN フォーティーン) Hoshiboshi no Fune (星々の舟, lit. Ship of Stars)",,Co-laureate
Naoki,Japan,2003,H2,Kaori Ekuni,Japan,"Gokyu suru Junbi wa Dekiteita (号泣する準備はできていた; lit. Preparations for Crying Have Been Made) Nochino Kōsetsu Hyaku Monogatari (後巷説百物語, lit. Further Gossip Hundred Tales)",,Co-laureate
Naoki,Japan,2003,H2,Natsuhiko Kyogoku,Japan,"Gokyu suru Junbi wa Dekiteita (号泣する準備はできていた; lit. Preparations for Crying Have Been Made) Nochino Kōsetsu Hyaku Monogatari (後巷説百物語, lit. Further Gossip Hundred Tales)",,Co-laureate
Naoki,Japan,2004,H1,Hideo Okuda,Japan,Kūchū Buranko (空中ブランコ; lit. Trapeze) Kaikō no Mori (邂逅の森; lit. Forest of the Chance Meeting),,Co-laureate
Naoki,Japan,2004,H1,Tatsuya Kumagai,Japan,Kūchū Buranko (空中ブランコ; lit. Trapeze) Kaikō no Mori (邂逅の森; lit. Forest of the Chance Meeting),,Co-laureate
Naoki,Japan,2004,H2,Mitsuyo Kakuta,Japan,Taigan no Kanojo (対岸の彼女; lit. The Woman on the Opposite Shore),,
Naoki,Japan,2005,H1,Minato Shukawa,Japan,Hana Manma (花まんま; lit. As a Flower),,
Naoki,Japan,2005,H2,Keigo Higashino,Japan,"The Devotion of Suspect X (容疑者Xの献身, Yōgisha X no Kenshin)",,
Naoki,Japan,2006,H1,Shion Miura,Japan,Mahoro Ekimae Tada Benri-ken (まほろ駅前多田便利軒; lit. The Convenience Shop Just Before Mahoro Station) Kaze ni Maiagaru Binīru Shīto (風に舞いあがるビニールシート; lit. A Vinyl Sheet Dancing in the Wind),,Co-laureate
Naoki,Japan,2006,H1,Eto Mori,Japan,Mahoro Ekimae Tada Benri-ken (まほろ駅前多田便利軒; lit. The Convenience Shop Just Before Mahoro Station) Kaze ni Maiagaru Binīru Shīto (風に舞いあがるビニールシート; lit. A Vinyl Sheet Dancing in the Wind),,Co-laureate
Naoki,Japan,2006,H2,,Japan,,,No prize awarded
Naoki,Japan,2007,H1,Kesako Matsui,Japan,Yoshiwara Tebikigusa (吉原手引草; lit. Yoshiwara Handbook),,
Naoki,Japan,2007,H2,Kazuki Sakuraba,Japan,Watashi no Otoko (私の男; lit. My Man),,
Naoki,Japan,2008,H1,Areno Inoue,Japan,Kiriha e (切羽へ; lit. To the Face),,
Naoki,Japan,2008,H2,Arata Tendo,Japan,Itamu Hito (悼む人; lit. Mourned Person) Rikyū ni Tazune yo (利休にたずねよ; lit. Go Ask Rikyū),,Co-laureate
Naoki,Japan,2008,H2,Ken'ichi Yamamoto,Japan,Itamu Hito (悼む人; lit. Mourned Person) Rikyū ni Tazune yo (利休にたずねよ; lit. Go Ask Rikyū),,Co-laureate
Naoki,Japan,2009,H1,Kaoru Kitamura,Japan,Sagi to Yuki (鷺と雪; lit. Herons and Snow),,
Naoki,Japan,2009,H2,Jō Sasaki,Japan,Haikyo ni Kō (廃墟に乞う; lit. An Invitation to the Ruins) Hokanaranu Hito e (ほかならぬ人へ; lit. To None Other Than),,Co-laureate
Naoki,Japan,2009,H2,Kazufumi Shiraishi,Japan,Haikyo ni Kō (廃墟に乞う; lit. An Invitation to the Ruins) Hokanaranu Hito e (ほかならぬ人へ; lit. To None Other Than),,Co-laureate
Naoki,Japan,2010,H1,Kyōko Nakajima,Japan,Chiisai O'uchi (小さいおうち; lit. A Small House),,
Naoki,Japan,2010,H2,Nobori Kiuchi,Japan,Hyōsa no Utau (漂砂のうたう; lit. The Singing of the Sands) Tsuki to Kani (月と蟹; lit. The Moon and Crabs),,Co-laureate
Naoki,Japan,2010,H2,Shūsuke Michio,Japan,Hyōsa no Utau (漂砂のうたう; lit. The Singing of the Sands) Tsuki to Kani (月と蟹; lit. The Moon and Crabs),,Co-laureate
Naoki,Japan,2011,H1,Jun Ikeido,Japan,"Shitamachi Roketto (下町ロケット, lit. Shitamachi Rocket)",,
Naoki,Japan,2011,H2,Rin Hamuro,Japan,Higurashi no Ki (蜩ノ記; lit. Cicada Chronicles),,
Naoki,Japan,2012,H1,Mizuki Tsujimura,Japan,Kagi no nai Yume wo Miru (鍵のない夢を見る; lit. I Saw a Dream Without a Key),,
Naoki,Japan,2012,H2,Asai Ryo,Japan,Nanimono (何者; lit. Who Is This?) Tohaku (等伯),,Co-laureate
Naoki,Japan,2012,H2,Abe Ryutaro,Japan,Nanimono (何者; lit. Who Is This?) Tohaku (等伯),,Co-laureate
Naoki,Japan,2013,H1,Shino Sakuragi,Japan,Hotel Royal (ホテルローヤル),,
Naoki,Japan,2013,H2,Makate Asai,Japan,Renka (恋歌; lit. Love Song) Shōwa no inu (昭和の犬; lit. Dog of Showa),,Co-laureate
Naoki,Japan,2013,H2,Kaoruko Himeno,Japan,Renka (恋歌; lit. Love Song) Shōwa no inu (昭和の犬; lit. Dog of Showa),,Co-laureate
Naoki,Japan,2014,H1,Hiroyuki Kurokawa,Japan,Hamon (破門; lit. Expulsion),,
Naoki,Japan,2014,H2,Kanako Nishi,Japan,Saraba! (サラバ!; lit. Farewell!),,
Naoki,Japan,2015,H1,Akira Higashiyama,Japan,Ryu (流),,
Naoki,Japan,2015,H2,Bunpei Aoyama,Japan,Tsuma wo Metorava (つまをめとらば; lit. If You Marry a Wife),,
Naoki,Japan,2016,H1,Hiroshi Ogiwara,Japan,Umi no Mieru Rihatsuten (海の見える理髪店; lit. The Barber Shop with an Ocean View),,
Naoki,Japan,2016,H2,Riku Onda,Japan,Honeybees and Distant Thunder (蜜蜂と遠雷; Mitsubachi to Enrai),,
Naoki,Japan,2017,H1,Shogo Sato,Japan,Tsuki no Michikake (月の満ち欠け; lit. The Waxing and Waning of the Moon),,
Naoki,Japan,2017,H2,Yoshinobu Kadoi,Japan,Gingatetsudo no Chichi (銀河鉄道の父; lit. Father of the Galaxy Railroad),,
Naoki,Japan,2018,H1,Rio Shimamoto,Japan,Fāsuto Rabu (ファーストラヴ; lit. First Love),,
Naoki,Japan,2018,H2,Junjō Shindō,Japan,Takarajima (宝島; lit. Hero's Island),,
Naoki,Japan,2019,H1,Masumi Oshima,Japan,"Uzu Imoseyama Onna Teikin Tamamusubi (渦　妹背山婦女庭訓魂結び, lit. Whirlpool, Husband and Wife Mountains: A Mirror of Virtuous Women, Requiem)",,
Naoki,Japan,2019,H2,Soichi Kawagoe,Japan,"Netsu Gen (熱源, lit. Heat Source)",,
Naoki,Japan,2020,H1,Hase Seishū,Japan,"The Boy and the Dog (少年と犬, Shonen to Inu)",,
Naoki,Japan,2020,H2,Naka Saijo,Japan,Kokoro(ura) sabishi kawa (心（うら）淋し川; lit. Lonely River),,
Naoki,Japan,2021,H1,Toko Sawada,Japan,"Hoshi ochite, nao (星落ちて、なお; lit. The Stars Have Fallen) Tezcatlipoca (テスカトリポカ)",,Co-laureate
Naoki,Japan,2021,H1,Norikazu Sato,Japan,"Hoshi ochite, nao (星落ちて、なお; lit. The Stars Have Fallen) Tezcatlipoca (テスカトリポカ)",,Co-laureate
Naoki,Japan,2021,H2,Shogo Imamura,Japan,"Saiō no Tate (塞王の楯; lit. Shield of the Fortress King) The Samurai and the Prisoner (黒牢城, Kokurōjō)",,Co-laureate
Naoki,Japan,2021,H2,Honobu Yonezawa,Japan,"Saiō no Tate (塞王の楯; lit. Shield of the Fortress King) The Samurai and the Prisoner (黒牢城, Kokurōjō)",,Co-laureate
Naoki,Japan,2022,H1,Misumi Kubo,Japan,Yoru ni Hoshi wo Hanatsu (夜に星を放つ; lit. The Night of Shooting Stars),,
Naoki,Japan,2022,H2,Satoshi Ogawa,Japan,Chizu to Kobushi (地図と拳; lit. Map and Fist) Shirogane no Ha (しろがねの葉; lit. Silver Leaf),,Co-laureate
Naoki,Japan,2022,H2,Akane Chihaya,Japan,Chizu to Kobushi (地図と拳; lit. Map and Fist) Shirogane no Ha (しろがねの葉; lit. Silver Leaf),,Co-laureate
Naoki,Japan,2023,H1,Ryōsuke Kakine,Japan,Gokuraku Seii-taishōgun (極楽征夷大将軍; lit. General of the Paradise) Kobiki-chō no Adauchi (木挽町のあだ討ち; lit. Revenge in Kobikicho),,Co-laureate
Naoki,Japan,2023,H1,Sayako Nagai,Japan,Gokuraku Seii-taishōgun (極楽征夷大将軍; lit. General of the Paradise) Kobiki-chō no Adauchi (木挽町のあだ討ち; lit. Revenge in Kobikicho),,Co-laureate
Naoki,Japan,2023,H2,Akiko Kawasaki,Japan,Tomogui (ともぐい) Hachigatsu no Gosho-ground (八月の御所グラウンド; lit. The Imperial Palace Grounds in August),,Co-laureate
Naoki,Japan,2023,H2,Manabu Makime,Japan,Tomogui (ともぐい) Hachigatsu no Gosho-ground (八月の御所グラウンド; lit. The Imperial Palace Grounds in August),,Co-laureate
Naoki,Japan,2024,H1,Michi Ichiho,Japan,Tsumidemic (ツミデミック),,
Naoki,Japan,2024,H2,Shin Iyohara,Japan,Ai o Tsugu Umi (藍を継ぐ海),,
Naoki,Japan,2025,H1,,Japan,,,No prize awarded
Naoki,Japan,2025,H2,Teru Shimazu,Japan,Cafe no Kaerimichi (カフェーの帰り道),,
